transaction_id,transaction_date,account_number,amount
1,2024-01-15,101,100.00
1,2024-01-15,102,-100.00
2,2024-02-20,201,500.00
2,2024-02-20,202,-500.00
3,2024-03-10,301,75.50
3,2024-03-10,302,-75.50
4,2024-04-05,101,200.00
4,2024-04-05,102,-200.00
5,2024-05-25,401,150.00
5,2024-05-25,402,-100.00
6,2024-06-30,501,80.00
6,2024-06-30,502,-80.00
7,2023-12-01,101,300.00
7,2023-12-01,102,-300.00
8,2024-07-10,999,50.00
8,2024-07-10,998,-50.00
9,2024-08-18,201,125.00
9,2024-08-18,202,-125.00
10,2024-09-02,301,90.00
10,2024-09-02,302,-90.00
11,2024-01-20,101,50.00
11,2024-01-20,202,-50.00
12,2024-02-01,102,120.00
12,2024-02-01,201,-120.00
13,2024-03-05,301,65.00
13,2024-03-05,402,-65.00
14,2024-04-10,401,180.00
14,2024-04-10,502,-180.00
15,2024-05-15,101,250.00
15,2024-05-15,102,-250.00
16,2024-06-25,201,400.00
16,2024-06-25,202,-400.00
17,2024-07-30,301,105.00
17,2024-07-30,302,-105.00
18,2024-08-01,401,70.00
18,2024-08-01,402,-70.00
19,2024-09-10,501,130.00
19,2024-09-10,502,-130.00
20,2024-10-15,101,225.00
20,2024-10-15,102,-225.00
21,2024-11-20,201,350.00
21,2024-11-20,202,-350.00
22,2024-12-05,301,95.00
22,2024-12-05,302,-95.00
23,2024-01-10,401,110.00
23,2024-01-10,402,-110.00
24,2024-02-15,501,60.00
24,2024-02-15,502,-60.00
25,2024-03-20,101,180.00
25,2024-03-20,102,-180.00
26,2024-04-25,201,280.00
26,2024-04-25,202,-280.00
27,2024-05-10,301,88.00
27,2024-05-10,302,-88.00
28,2024-06-05,401,160.00
28,2024-06-05,402,-160.00
29,2024-07-25,501,95.00
29,2024-07-25,502,-95.00
30,2024-08-05,101,145.00
30,2024-08-05,102,-145.00
31,2024-09-20,201,320.00
31,2024-09-20,202,-320.00
32,2024-10-10,301,77.00
32,2024-10-10,302,-77.00
33,2024-11-15,401,135.00
33,2024-11-15,402,-135.00
34,2024-12-20,501,85.00
34,2024-12-20,502,-85.00
35,2024-01-25,101,215.00
35,2024-01-25,102,-215.00
36,2024-02-28,201,310.00
36,2024-02-28,202,-310.00
37,2024-03-15,301,92.00
37,2024-03-15,302,-92.00
38,2024-04-20,401,175.00
38,2024-04-20,402,-175.00
39,2024-05-28,501,102.00
39,2024-05-28,502,-102.00
40,2024-06-10,101,190.00
40,2024-06-10,102,-190.00
41,2024-07-15,201,270.00
41,2024-07-15,202,-270.00
42,2024-08-20,301,85.00
42,2024-08-20,302,-85.00
43,2024-09-25,401,155.00
43,2024-09-25,402,-155.00
44,2024-10-30,501,98.00
44,2024-10-30,502,-98.00
45,2024-11-05,101,170.00
45,2024-11-05,102,-170.00
46,2024-12-10,201,305.00
46,2024-12-10,202,-305.00
47,2024-01-18,301,82.00
47,2024-01-18,302,-82.00
48,2024-02-22,401,140.00
48,2024-02-22,402,-140.00
49,2024-03-25,501,75.00
49,2024-03-25,502,-75.00
50,2024-04-15,101,240.00
50,2024-04-15,102,-240.00
51,2024-05-30,201,360.00
51,2024-05-30,202,-360.00
52,2024-06-15,301,115.00
52,2024-06-15,302,-115.00
53,2024-07-20,401,195.00
53,2024-07-20,402,-195.00
54,2024-08-25,501,120.00
54,2024-08-25,502,-120.00
55,2024-09-12,101,260.00
55,2024-09-12,102,-260.00
56,2024-10-18,201,420.00
56,2024-10-18,202,-420.00
57,2024-11-25,301,108.00
57,2024-11-25,302,-108.00
58,2024-12-01,401,155.00
58,2024-12-01,402,-155.00
59,2024-01-30,501,88.00
59,2024-01-30,502,-88.00
60,2024-02-12,101,230.00
60,2024-02-12,102,-230.00
61,2024-03-22,201,345.00
61,2024-03-22,202,-345.00
62,2024-04-18,301,95.00
62,2024-04-18,302,-95.00
63,2024-05-15,401,185.00
63,2024-05-15,402,-185.00
64,2024-06-20,501,110.00
64,2024-06-20,502,-110.00
65,2024-07-10,101,205.00
65,2024-07-10,102,-205.00
66,2024-08-15,201,295.00
66,2024-08-15,202,-295.00
67,2024-09-22,301,85.00
67,2024-09-22,302,-85.00
68,2024-10-10,401,165.00
68,2024-10-10,402,-165.00
69,2024-11-18,501,100.00
69,2024-11-18,502,-100.00
70,2024-12-25,101,255.00
70,2024-12-25,102,-255.00
71,2024-01-05,201,380.00
71,2024-01-05,202,-380.00
72,2024-02-10,301,125.00
72,2024-02-10,302,-125.00
73,2024-03-18,401,210.00
73,2024-03-18,402,-210.00
74,2024-04-22,501,140.00
74,2024-04-22,502,-140.00
75,2024-05-25,101,270.00
75,2024-05-25,102,-270.00
76,2024-06-30,201,450.00
76,2024-06-30,202,-450.00
77,2024-07-15,301,135.00
77,2024-07-15,302,-135.00
78,2024-08-20,401,220.00
78,2024-08-20,402,-220.00
79,2024-09-25,501,155.00
79,2024-09-25,502,-155.00
80,2024-10-01,101,280.00
80,2024-10-01,102,-280.00
81,2024-11-05,201,480.00
81,2024-11-05,202,-480.00
82,2024-12-10,301,145.00
82,2024-12-10,302,-145.00
83,2024-01-28,401,235.00
83,2024-01-28,402,-235.00
84,2024-02-25,501,165.00
84,2024-02-25,502,-165.00
85,2024-03-12,101,295.00
85,2024-03-12,102,-295.00
86,2024-04-10,201,510.00
86,2024-04-10,202,-510.00
87,2024-05-18,301,150.00
87,2024-05-18,302,-150.00
88,2024-06-22,401,250.00
88,2024-06-22,402,-250.00
89,2024-07-05,501,180.00
89,2024-07-05,502,-180.00
90,2024-08-10,101,315.00
90,2024-08-10,102,-315.00
91,2024-09-15,201,530.00
91,2024-09-15,202,-530.00
92,2024-10-20,301,160.00
92,2024-10-20,302,-160.00
93,2024-11-28,401,265.00
93,2024-11-28,402,-265.00
94,2024-12-05,501,195.00
94,2024-12-05,502,-195.00
95,2024-01-08,101,330.00
95,2024-01-08,102,-330.00
96,2024-02-14,201,550.00
96,2024-02-14,202,-550.00
97,2024-03-20,301,170.00
97,2024-03-20,302,-170.00
98,2024-04-25,401,280.00
98,2024-04-25,402,-280.00
99,2024-05-10,501,205.00
99,2024-05-10,502,-205.00
100,2024-06-15,101,345.00
100,2024-06-15,102,-345.00
101,2024-07-20,201,570.00
101,2024-07-20,202,-570.00
102,2024-08-25,301,180.00
102,2024-08-25,302,-180.00
103,2024-09-30,401,295.00
103,2024-09-30,402,-295.00
104,2024-10-15,501,220.00
104,2024-10-15,502,-220.00
105,2024-11-20,101,360.00
105,2024-11-20,102,-360.00
106,2024-12-25,201,600.00
106,2024-12-25,202,-600.00
107,2024-01-05,301,190.00
107,2024-01-05,302,-190.00
108,2024-02-10,401,310.00
108,2024-02-10,402,-310.00
109,2024-03-18,501,235.00
109,2024-03-18,502,-235.00
110,2024-04-22,101,380.00
110,2024-04-22,102,-380.00
111,2024-05-25,201,620.00
111,2024-05-25,202,-620.00
112,2024-06-30,301,205.00
112,2024-06-30,302,-205.00
113,2024-07-15,401,330.00
113,2024-07-15,402,-330.00
114,2024-08-20,501,250.00
114,2024-08-20,502,-250.00
115,2024-09-25,101,400.00
115,2024-09-25,102,-400.00
116,2024-10-01,201,650.00
116,2024-10-01,202,-650.00
117,2024-11-05,301,220.00
117,2024-11-05,302,-220.00
118,2024-12-10,401,350.00
118,2024-12-10,402,-350.00
119,2024-01-28,501,265.00
119,2024-01-28,502,-265.00
120,2024-02-25,101,420.00
120,2024-02-25,102,-420.00
121,2024-03-12,201,680.00
121,2024-03-12,202,-680.00
122,2024-04-10,301,230.00
122,2024-04-10,302,-230.00
123,2024-05-18,401,370.00
123,2024-05-18,402,-370.00
124,2024-06-22,501,280.00
124,2024-06-22,502,-280.00
125,2024-07-05,101,440.00
125,2024-07-05,102,-440.00
126,2024-08-10,201,700.00
126,2024-08-10,202,-700.00
127,2024-09-15,301,245.00
127,2024-09-15,302,-245.00
128,2024-10-20,401,390.00
128,2024-10-20,402,-390.00
129,2024-11-28,501,295.00
129,2024-11-28,502,-295.00
130,2024-12-05,101,460.00
130,2024-12-05,102,-460.00
131,2024-01-08,201,730.00
131,2024-01-08,202,-730.00
132,2024-02-14,301,260.00
132,2024-02-14,302,-260.00
133,2024-03-20,401,410.00
133,2024-03-20,402,-410.00
134,2024-04-25,501,310.00
134,2024-04-25,502,-310.00
135,2024-05-10,101,480.00
135,2024-05-10,102,-480.00
136,2024-06-15,201,750.00
136,2024-06-15,202,-750.00
137,2024-07-20,301,275.00
137,2024-07-20,302,-275.00
138,2024-08-25,401,430.00
138,2024-08-25,402,-430.00
139,2024-09-30,501,325.00
139,2024-09-30,502,-325.00
140,2024-10-15,101,500.00
140,2024-10-15,102,-500.00
141,2024-11-20,201,780.00
141,2024-11-20,202,-780.00
142,2024-12-25,301,290.00
142,2024-12-25,302,-290.00
143,2024-01-05,401,450.00
143,2024-01-05,402,-450.00
144,2024-02-10,501,340.00
144,2024-02-10,502,-340.00
145,2024-03-18,101,520.00
145,2024-03-18,102,-520.00
146,2024-04-22,201,810.00
146,2024-04-22,202,-810.00
147,2024-05-25,301,305.00
147,2024-05-25,302,-305.00
148,2024-06-30,401,470.00
148,2024-06-30,402,-470.00
149,2024-07-15,501,355.00
149,2024-07-15,502,-355.00
150,2024-08-20,101,540.00
150,2024-08-20,102,-540.00
151,2024-09-25,201,840.00
151,2024-09-25,202,-840.00
152,2024-10-01,301,320.00
152,2024-10-01,302,-320.00
153,2024-11-05,401,490.00
153,2024-11-05,402,-490.00
154,2024-12-10,501,370.00
154,2024-12-10,502,-370.00
155,2024-01-28,101,560.00
155,2024-01-28,102,-560.00
156,2024-02-25,201,870.00
156,2024-02-25,202,-870.00
157,2024-03-12,301,335.00
157,2024-03-12,302,-335.00
158,2024-04-10,401,510.00
158,2024-04-10,402,-510.00
159,2024-05-18,501,385.00
159,2024-05-18,502,-385.00
160,2024-06-22,101,580.00
160,2024-06-22,102,-580.00
161,2024-07-05,201,900.00
161,2024-07-05,202,-900.00
162,2024-08-10,301,350.00
162,2024-08-10,302,-350.00
163,2024-09-15,401,530.00
163,2024-09-15,402,-530.00
164,2024-10-20,501,400.00
164,2024-10-20,502,-400.00
165,2024-11-28,101,600.00
165,2024-11-28,102,-600.00
166,2024-12-05,201,930.00
166,2024-12-05,202,-930.00
167,2024-01-08,301,365.00
167,2024-01-08,302,-365.00
168,2024-02-14,401,550.00
168,2024-02-14,402,-550.00
169,2024-03-20,501,415.00
169,2024-03-20,502,-415.00
170,2024-04-25,101,620.00
170,2024-04-25,102,-620.00
171,2024-05-10,201,960.00
171,2024-05-10,202,-960.00
172,2024-06-15,301,380.00
172,2024-06-15,302,-380.00
173,2024-07-20,401,570.00
173,2024-07-20,402,-570.00
174,2024-08-25,501,430.00
174,2024-08-25,502,-430.00
175,2024-09-30,101,640.00
175,2024-09-30,102,-640.00
176,2024-10-15,201,990.00
176,2024-10-15,202,-990.00
177,2024-11-20,301,395.00
177,2024-11-20,302,-395.00
178,2024-12-25,401,590.00
178,2024-12-25,402,-590.00
179,2024-01-05,501,450.00
179,2024-01-05,502,-450.00
180,2024-02-10,101,660.00
180,2024-02-10,102,-660.00
181,2024-03-18,201,1020.00
181,2024-03-18,202,-1020.00
182,2024-04-22,301,410.00
182,2024-04-22,302,-410.00
183,2024-05-25,401,610.00
183,2024-05-25,402,-610.00
184,2024-06-30,501,465.00
184,2024-06-30,502,-465.00
185,2024-07-15,101,680.00
185,2024-07-15,102,-680.00
186,2024-08-20,201,1050.00
186,2024-08-20,202,-1050.00
187,2024-09-25,301,425.00
187,2024-09-25,302,-425.00
188,2024-10-01,401,630.00
188,2024-10-01,402,-630.00
189,2024-11-05,501,480.00
189,2024-11-05,502,-480.00
190,2024-12-10,101,700.00
190,2024-12-10,102,-700.00
191,2024-01-28,201,1080.00
191,2024-01-28,202,-1080.00
192,2024-02-25,301,440.00
192,2024-02-25,302,-440.00
193,2024-03-12,401,650.00
193,2024-03-12,402,-650.00
194,2024-04-10,501,495.00
194,2024-04-10,502,-495.00
195,2024-05-18,101,720.00
195,2024-05-18,102,-720.00
196,2024-06-22,201,1110.00
196,2024-06-22,202,-1110.00
197,2024-07-05,301,455.00
197,2024-07-05,302,-455.00
198,2024-08-10,401,670.00
198,2024-08-10,402,-670.00
199,2024-09-15,501,510.00
199,2024-09-15,502,-510.00
200,2024-10-20,101,740.00
200,2024-10-20,102,-740.00
201,2024-11-28,201,1140.00
201,2024-11-28,202,-1140.00
202,2024-12-05,301,470.00
202,2024-12-05,302,-470.00
203,2024-01-08,401,690.00
203,2024-01-08,402,-690.00
204,2024-02-14,501,525.00
204,2024-02-14,502,-525.00
205,2024-03-20,101,760.00
205,2024-03-20,102,-760.00
206,2024-04-25,201,1170.00
206,2024-04-25,202,-1170.00
207,2024-05-10,301,485.00
207,2024-05-10,302,-485.00
208,2024-06-15,401,710.00
208,2024-06-15,402,-710.00
209,2024-07-20,501,540.00
209,2024-07-20,502,-540.00
210,2024-08-25,101,780.00
210,2024-08-25,102,-780.00
211,2024-09-30,201,1200.00
211,2024-09-30,202,-1200.00
212,2024-10-15,301,500.00
212,2024-10-15,302,-500.00
213,2024-11-20,401,730.00
213,2024-11-20,402,-730.00
214,2024-12-25,501,555.00
214,2024-12-25,502,-555.00
215,2024-01-05,101,800.00
215,2024-01-05,102,-800.00
216,2024-02-10,201,1230.00
216,2024-02-10,202,-1230.00
217,2024-03-18,301,520.00
217,2024-03-18,302,-520.00
218,2024-04-22,401,750.00
218,2024-04-22,402,-750.00
219,2024-05-25,501,570.00
219,2024-05-25,502,-570.00
220,2024-06-30,101,820.00
220,2024-06-30,102,-820.00
221,2024-07-15,201,1260.00
221,2024-07-15,202,-1260.00
222,2024-08-20,301,535.00
222,2024-08-20,302,-535.00
223,2024-09-25,401,770.00
223,2024-09-25,402,-770.00
224,2024-10-01,501,585.00
224,2024-10-01,502,-585.00
225,2024-11-05,101,840.00
225,2024-11-05,102,-840.00
226,2024-12-10,201,1290.00
226,2024-12-10,202,-1290.00
227,2024-01-28,301,550.00
227,2024-01-28,302,-550.00
228,2024-02-25,401,790.00
228,2024-02-25,402,-790.00
229,2024-03-12,501,600.00
229,2024-03-12,502,-600.00
230,2024-04-10,101,860.00
230,2024-04-10,102,-860.00
231,2024-05-18,201,1320.00
231,2024-05-18,202,-1320.00
232,2024-06-22,301,570.00
232,2024-06-22,302,-570.00
233,2024-07-05,401,810.00
233,2024-07-05,402,-810.00
234,2024-08-10,501,615.00
234,2024-08-10,502,-615.00
235,2024-09-15,101,880.00
235,2024-09-15,102,-880.00
236,2024-10-20,201,1350.00
236,2024-10-20,202,-1350.00
237,2024-11-28,301,585.00
237,2024-11-28,302,-585.00
238,2024-12-05,401,830.00
238,2024-12-05,402,-830.00
239,2024-01-08,501,630.00
239,2024-01-08,502,-630.00
240,2024-02-14,101,900.00
240,2024-02-14,102,-900.00
241,2024-03-20,201,1380.00
241,2024-03-20,202,-1380.00
242,2024-04-25,301,600.00
242,2024-04-25,302,-600.00
243,2024-05-10,401,850.00
243,2024-05-10,402,-850.00
244,2024-06-15,501,645.00
244,2024-06-15,502,-645.00
245,2024-07-20,101,920.00
245,2024-07-20,102,-920.00
246,2024-08-25,201,1410.00
246,2024-08-25,202,-1410.00
247,2024-09-30,301,615.00
247,2024-09-30,302,-615.00
248,2024-10-15,401,870.00
248,2024-10-15,402,-870.00
249,2024-11-20,501,660.00
249,2024-11-20,502,-660.00
250,2024-12-25,101,940.00
250,2024-12-25,102,-940.00
251,2024-01-05,201,1440.00
251,2024-01-05,202,-1440.00
252,2024-02-10,301,630.00
252,2024-02-10,302,-630.00
253,2024-03-18,401,890.00
253,2024-03-18,402,-890.00
254,2024-04-22,501,675.00
254,2024-04-22,502,-675.00
255,2024-05-25,101,960.00
255,2024-05-25,102,-960.00
256,2024-06-30,201,1470.00
256,2024-06-30,202,-1470.00
257,2024-07-15,301,645.00
257,2024-07-15,302,-645.00
258,2024-08-20,401,910.00
258,2024-08-20,402,-910.00
259,2024-09-25,501,690.00
259,2024-09-25,502,-690.00
260,2024-10-01,101,980.00
260,2024-10-01,102,-980.00
261,2024-11-05,201,1500.00
261,2024-11-05,202,-1500.00
262,2024-12-10,301,660.00
262,2024-12-10,302,-660.00
263,2024-01-28,401,930.00
263,2024-01-28,402,-930.00
264,2024-02-25,501,705.00
264,2024-02-25,502,-705.00
265,2024-03-12,101,1000.00
265,2024-03-12,102,-1000.00
266,2024-04-10,201,1530.00
266,2024-04-10,202,-1530.00
267,2024-05-18,301,675.00
267,2024-05-18,302,-675.00
268,2024-06-22,401,950.00
268,2024-06-22,402,-950.00
269,2024-07-05,501,720.00
269,2024-07-05,502,-720.00
270,2024-08-10,101,1020.00
270,2024-08-10,102,-1020.00
271,2024-09-15,201,1560.00
271,2024-09-15,202,-1560.00
272,2024-10-20,301,690.00
272,2024-10-20,302,-690.00
273,2024-11-28,401,970.00
273,2024-11-28,402,-970.00
274,2024-12-05,501,735.00
274,2024-12-05,502,-735.00
275,2024-01-08,101,1040.00
275,2024-01-08,102,-1040.00
276,2024-02-14,201,1590.00
276,2024-02-14,202,-1590.00
277,2024-03-20,301,705.00
277,2024-03-20,302,-705.00
278,2024-04-25,401,990.00
278,2024-04-25,402,-990.00
279,2024-05-10,501,750.00
279,2024-05-10,502,-750.00
280,2024-06-15,101,1060.00
280,2024-06-15,102,-1060.00
281,2024-07-20,201,1620.00
281,2024-07-20,202,-1620.00
282,2024-08-25,301,720.00
282,2024-08-25,302,-720.00
283,2024-09-30,401,1010.00
283,2024-09-30,402,-1010.00
284,2024-10-15,501,765.00
284,2024-10-15,502,-765.00
285,2024-11-20,101,1080.00
285,2024-11-20,102,-1080.00
286,2024-12-25,201,1650.00
286,2024-12-25,202,-1650.00
287,2024-01-05,301,735.00
287,2024-01-05,302,-735.00
288,2024-02-10,401,1030.00
288,2024-02-10,402,-1030.00
289,2024-03-18,501,780.00
289,2024-03-18,502,-780.00
290,2024-04-22,101,1100.00
290,2024-04-22,102,-1100.00
291,2024-05-25,201,1680.00
291,2024-05-25,202,-1680.00
292,2024-06-30,301,750.00
292,2024-06-30,302,-750.00
293,2024-07-15,401,1050.00
293,2024-07-15,402,-1050.00
294,2024-08-20,501,795.00
294,2024-08-20,502,-795.00
295,2024-09-25,101,1120.00
295,2024-09-25,102,-1120.00
296,2024-10-01,201,1710.00
296,2024-10-01,202,-1710.00
297,2024-11-05,301,765.00
297,2024-11-05,302,-765.00
298,2024-12-10,401,1070.00
298,2024-12-10,402,-1070.00
299,2024-01-28,501,810.00
299,2024-01-28,502,-810.00
300,2024-02-25,101,1140.00
300,2024-02-25,102,-1140.00
301,2024-03-12,201,1740.00
301,2024-03-12,202,-1740.00
302,2024-04-10,301,780.00
302,2024-04-10,302,-780.00
303,2024-05-18,401,1090.00
303,2024-05-18,402,-1090.00
304,2024-06-22,501,825.00
304,2024-06-22,502,-825.00
305,2024-07-05,101,1160.00
305,2024-07-05,102,-1160.00
306,2024-08-10,201,1770.00
306,2024-08-10,202,-1770.00
307,2024-09-15,301,795.00
307,2024-09-15,302,-795.00
308,2024-10-20,401,1110.00
308,2024-10-20,402,-1110.00
309,2024-11-28,501,840.00
309,2024-11-28,502,-840.00
310,2024-12-05,101,1180.00
310,2024-12-05,102,-1180.00
311,2024-01-08,201,1800.00
311,2024-01-08,202,-1800.00
312,2024-02-14,301,810.00
312,2024-02-14,302,-810.00
313,2024-03-20,401,1130.00
313,2024-03-20,402,-1130.00
314,2024-04-25,501,855.00
314,2024-04-25,502,-855.00
315,2024-05-10,101,1200.00
315,2024-05-10,102,-1200.00
316,2024-06-15,201,1830.00
316,2024-06-15,202,-1830.00
317,2024-07-20,301,825.00
317,2024-07-20,302,-825.00
318,2024-08-25,401,1150.00
318,2024-08-25,402,-1150.00
319,2024-09-30,501,870.00
319,2024-09-30,502,-870.00
320,2024-10-15,101,1220.00
320,2024-10-15,102,-1220.00
321,2024-11-20,201,1860.00
321,2024-11-20,202,-1860.00
322,2024-12-25,301,840.00
322,2024-12-25,302,-840.00
323,2024-01-05,401,1170.00
323,2024-01-05,402,-1170.00
324,2024-02-10,501,885.00
324,2024-02-10,502,-885.00
325,2024-03-18,101,1240.00
325,2024-03-18,102,-1240.00
326,2024-04-22,201,1890.00
326,2024-04-22,202,-1890.00
327,2024-05-25,301,855.00
327,2024-05-25,302,-855.00
328,2024-06-30,401,1190.00
328,2024-06-30,402,-1190.00
329,2024-07-15,501,900.00
329,2024-07-15,502,-900.00
330,2024-08-20,101,1260.00
330,2024-08-20,102,-1260.00
331,2024-09-25,201,1920.00
331,2024-09-25,202,-1920.00
332,2024-10-01,301,870.00
332,2024-10-01,302,-870.00
333,2024-11-05,401,1210.00
333,2024-11-05,402,-1210.00
334,2024-12-10,501,915.00
334,2024-12-10,502,-915.00
335,2024-01-28,101,1280.00
335,2024-01-28,102,-1280.00
336,2024-02-25,201,1950.00
336,2024-02-25,202,-1950.00
337,2024-03-12,301,885.00
337,2024-03-12,302,-885.00
338,2024-04-10,401,1230.00
338,2024-04-10,402,-1230.00
339,2024-05-18,501,930.00
339,2024-05-18,502,-930.00
340,2024-06-22,101,1300.00
340,2024-06-22,102,-1300.00
341,2024-07-05,201,1980.00
341,2024-07-05,202,-1980.00
342,2024-08-10,301,900.00
342,2024-08-10,302,-900.00
343,2024-09-15,401,1250.00
343,2024-09-15,402,-1250.00
344,2024-10-20,501,945.00
344,2024-10-20,502,-945.00
345,2024-11-28,101,1320.00
345,2024-11-28,102,-1320.00
346,2024-12-05,201,2010.00
346,2024-12-05,202,-2010.00
347,2024-01-08,301,915.00
347,2024-01-08,302,-915.00
348,2024-02-14,401,1270.00
348,2024-02-14,402,-1270.00
349,2024-03-20,501,960.00
349,2024-03-20,502,-960.00
350,2024-04-25,101,1340.00
350,2024-04-25,102,-1340.00
351,2024-05-10,201,2040.00
351,2024-05-10,202,-2040.00
352,2024-06-15,301,930.00
352,2024-06-15,302,-930.00
353,2024-07-20,401,1290.00
353,2024-07-20,402,-1290.00
354,2024-08-25,501,975.00
354,2024-08-25,502,-975.00
355,2024-09-30,101,1360.00
355,2024-09-30,102,-1360.00
356,2024-10-15,201,2070.00
356,2024-10-15,202,-2070.00
357,2024-11-20,301,945.00
357,2024-11-20,302,-945.00
358,2024-12-25,401,1310.00
358,2024-12-25,402,-1310.00
359,2024-01-05,501,990.00
359,2024-01-05,502,-990.00
360,2024-02-10,101,1380.00
360,2024-02-10,102,-1380.00
361,2024-03-18,201,2100.00
361,2024-03-18,202,-2100.00
362,2024-04-22,301,960.00
362,2024-04-22,302,-960.00
363,2024-05-25,401,1330.00
363,2024-05-25,402,-1330.00
364,2024-06-30,501,1005.00
364,2024-06-30,502,-1005.00
365,2024-07-15,101,1400.00
365,2024-07-15,102,-1400.00
366,2024-08-20,201,2130.00
366,2024-08-20,202,-2130.00
367,2024-09-25,301,975.00
367,2024-09-25,302,-975.00
368,2024-10-01,401,1350.00
368,2024-10-01,402,-1350.00
369,2024-11-05,501,1020.00
369,2024-11-05,502,-1020.00
370,2024-12-10,101,1420.00
370,2024-12-10,102,-1420.00
371,2024-01-28,201,2160.00
371,2024-01-28,202,-2160.00
372,2024-02-25,301,990.00
372,2024-02-25,302,-990.00
373,2024-03-12,401,1370.00
373,2024-03-12,402,-1370.00
374,2024-04-10,501,1035.00
374,2024-04-10,502,-1035.00
375,2024-05-18,101,1440.00
375,2024-05-18,102,-1440.00
376,2024-06-22,201,2190.00
376,2024-06-22,202,-2190.00
377,2024-07-05,301,1005.00
377,2024-07-05,302,-1005.00
378,2024-08-10,401,1390.00
378,2024-08-10,402,-1390.00
379,2024-09-15,501,1050.00
379,2024-09-15,502,-1050.00
380,2024-10-20,101,1460.00
380,2024-10-20,102,-1460.00
381,2024-11-28,201,2220.00
381,2024-11-28,202,-2220.00
382,2024-12-05,301,1020.00
382,2024-12-05,302,-1020.00
383,2024-01-08,401,1410.00
383,2024-01-08,402,-1410.00
384,2024-02-14,501,1065.00
384,2024-02-14,502,-1065.00
385,2024-03-20,101,1480.00
385,2024-03-20,102,-1480.00
386,2024-04-25,201,2250.00
386,2024-04-25,202,-2250.00
387,2024-05-10,301,1035.00
387,2024-05-10,302,-1035.00
388,2024-06-15,401,1430.00
388,2024-06-15,402,-1430.00
389,2024-07-20,501,1080.00
389,2024-07-20,502,-1080.00
390,2024-08-25,101,1500.00
390,2024-08-25,102,-1500.00
391,2024-09-30,201,2280.00
391,2024-09-30,202,-2280.00
392,2024-10-15,301,1050.00
392,2024-10-15,302,-1050.00
393,2024-11-20,401,1450.00
393,2024-11-20,402,-1450.00
394,2024-12-25,501,1095.00
394,2024-12-25,502,-1095.00
395,2024-01-05,101,1520.00
395,2024-01-05,102,-1520.00
396,2024-02-10,201,2310.00
396,2024-02-10,202,-2310.00
397,2024-03-18,301,1065.00
397,2024-03-18,302,-1065.00
398,2024-04-22,401,1470.00
398,2024-04-22,402,-1470.00
399,2024-05-25,501,1110.00
399,2024-05-25,502,-1110.00
400,2024-06-30,101,1540.00
400,2024-06-30,102,-1540.00
401,2024-07-15,201,2340.00
401,2024-07-15,202,-2340.00
402,2024-08-20,301,1080.00
402,2024-08-20,302,-1080.00
403,2024-09-25,401,1490.00
403,2024-09-25,402,-1490.00
404,2024-10-01,501,1125.00
404,2024-10-01,502,-1125.00
405,2024-11-05,101,1560.00
405,2024-11-05,102,-1560.00
406,2024-12-10,201,2370.00
406,2024-12-10,202,-2370.00
407,2024-01-28,301,1095.00
407,2024-01-28,302,-1095.00
408,2024-02-25,401,1510.00
408,2024-02-25,402,-1510.00
409,2024-03-12,501,1140.00
409,2024-03-12,502,-1140.00
410,2024-04-10,101,1580.00
410,2024-04-10,102,-1580.00
411,2024-05-18,201,2400.00
411,2024-05-18,202,-2400.00
412,2024-06-22,301,1110.00
412,2024-06-22,302,-1110.00
413,2024-07-05,401,1530.00
413,2024-07-05,402,-1530.00
414,2024-08-10,501,1155.00
414,2024-08-10,502,-1155.00
415,2024-09-15,101,1600.00
415,2024-09-15,102,-1600.00
416,2024-10-20,201,2430.00
416,2024-10-20,202,-2430.00
417,2024-11-28,301,1125.00
417,2024-11-28,302,-1125.00
418,2024-12-05,401,1550.00
418,2024-12-05,402,-1550.00
419,2024-01-08,501,1170.00
419,2024-01-08,502,-1170.00
420,2024-02-14,101,1620.00
420,2024-02-14,102,-1620.00
421,2024-03-20,201,2460.00
421,2024-03-20,202,-2460.00
422,2024-04-25,301,1140.00
422,2024-04-25,302,-1140.00
423,2024-05-10,401,1570.00
423,2024-05-10,402,-1570.00
424,2024-06-15,501,1185.00
424,2024-06-15,502,-1185.00
425,2024-07-20,101,1640.00
425,2024-07-20,102,-1640.00
426,2024-08-25,201,2490.00
426,2024-08-25,202,-2490.00
427,2024-09-30,301,1155.00
427,2024-09-30,302,-1155.00
428,2024-10-15,401,1590.00
428,2024-10-15,402,-1590.00
429,2024-11-20,501,1200.00
429,2024-11-20,502,-1200.00
430,2024-12-25,101,1660.00
430,2024-12-25,102,-1660.00
431,2024-01-05,201,2520.00
431,2024-01-05,202,-2520.00
432,2024-02-10,301,1170.00
432,2024-02-10,302,-1170.00
433,2024-03-18,401,1610.00
433,2024-03-18,402,-1610.00
434,2024-04-22,501,1215.00
434,2024-04-22,502,-1215.00
435,2024-05-25,101,1680.00
435,2024-05-25,102,-1680.00
436,2024-06-30,201,2550.00
436,2024-06-30,202,-2550.00
437,2024-07-15,301,1185.00
437,2024-07-15,302,-1185.00
438,2024-08-20,401,1630.00
438,2024-08-20,402,-1630.00
439,2024-09-25,501,1230.00
439,2024-09-25,502,-1230.00
440,2024-10-01,101,1700.00
440,2024-10-01,102,-1700.00
441,2024-11-05,201,2580.00
441,2024-11-05,202,-2580.00
442,2024-12-10,301,1200.00
442,2024-12-10,302,-1200.00
443,2024-01-28,401,1650.00
443,2024-01-28,402,-1650.00
444,2024-02-25,501,1245.00
444,2024-02-25,502,-1245.00
445,2024-03-12,101,1720.00
445,2024-03-12,102,-1720.00
446,2024-04-10,201,2610.00
446,2024-04-10,202,-2610.00
447,2024-05-18,301,1215.00
447,2024-05-18,302,-1215.00
448,2024-06-22,401,1670.00
448,2024-06-22,402,-1670.00
449,2024-07-05,501,1260.00
449,2024-07-05,502,-1260.00
450,2024-08-10,101,1740.00
450,2024-08-10,102,-1740.00
451,2024-09-15,201,2640.00
451,2024-09-15,202,-2640.00
452,2024-10-20,301,1230.00
452,2024-10-20,302,-1230.00
453,2024-11-28,401,1690.00
453,2024-11-28,402,-1690.00
454,2024-12-05,501,1275.00
454,2024-12-05,502,-1275.00
455,2024-01-08,101,1760.00
455,2024-01-08,102,-1760.00
456,2024-02-14,201,2670.00
456,2024-02-14,202,-2670.00
457,2024-03-20,301,1245.00
457,2024-03-20,302,-1245.00
458,2024-04-25,401,1710.00
458,2024-04-25,402,-1710.00
459,2024-05-10,501,1290.00
459,2024-05-10,502,-1290.00
460,2024-06-15,101,1780.00
460,2024-06-15,102,-1780.00
461,2024-07-20,201,2700.00
461,2024-07-20,202,-2700.00
462,2024-08-25,301,1260.00
462,2024-08-25,302,-1260.00
463,2024-09-30,401,1730.00
463,2024-09-30,402,-1730.00
464,2024-10-15,501,1305.00
464,2024-10-15,502,-1305.00
465,2024-11-20,101,1800.00
465,2024-11-20,102,-1800.00
466,2024-12-25,201,2730.00
466,2024-12-25,202,-2730.00
467,2024-01-05,301,1275.00
467,2024-01-05,302,-1275.00
468,2024-02-10,401,1750.00
468,2024-02-10,402,-1750.00
469,2024-03-18,501,1320.00
469,2024-03-18,502,-1320.00
470,2024-04-22,101,1820.00
470,2024-04-22,102,-1820.00
471,2024-05-25,201,2760.00
471,2024-05-25,202,-2760.00
472,2024-06-30,301,1290.00
472,2024-06-30,302,-1290.00
473,2024-07-15,401,1770.00
473,2024-07-15,402,-1770.00
474,2024-08-20,501,1335.00
474,2024-08-20,502,-1335.00
475,2024-09-25,101,1840.00
475,2024-09-25,102,-1840.00
476,2024-10-01,201,2790.00
476,2024-10-01,202,-2790.00
477,2024-11-05,301,1305.00
477,2024-11-05,302,-1305.00
478,2024-12-10,401,1790.00
478,2024-12-10,402,-1790.00
479,2024-01-28,501,1350.00
479,2024-01-28,502,-1350.00
480,2024-02-25,101,1860.00
480,2024-02-25,102,-1860.00
481,2024-03-12,201,2820.00
481,2024-03-12,202,-2820.00
482,2024-04-10,301,1320.00
482,2024-04-10,302,-1320.00
483,2024-05-18,401,1810.00
483,2024-05-18,402,-1810.00
484,2024-06-22,501,1365.00
484,2024-06-22,502,-1365.00
485,2024-07-05,101,1880.00
485,2024-07-05,102,-1880.00
486,2024-08-10,201,2850.00
486,2024-08-10,202,-2850.00
487,2024-09-15,301,1335.00
487,2024-09-15,302,-1335.00
488,2024-10-20,401,1830.00
488,2024-10-20,402,-1830.00
489,2024-11-28,501,1380.00
489,2024-11-28,502,-1380.00
490,2024-12-05,101,1900.00
490,2024-12-05,102,-1900.00
491,2024-01-08,201,2880.00
491,2024-01-08,202,-2880.00
492,2024-02-14,301,1350.00
492,2024-02-14,302,-1350.00
493,2024-03-20,401,1850.00
493,2024-03-20,402,-1850.00
494,2024-04-25,501,1395.00
494,2024-04-25,502,-1395.00
495,2024-05-10,101,1920.00
495,2024-05-10,102,-1920.00
496,2024-06-15,201,2910.00
496,2024-06-15,202,-2910.00
497,2024-07-20,301,1365.00
497,2024-07-20,302,-1365.00
498,2024-08-25,401,1870.00
498,2024-08-25,402,-1870.00
499,2024-09-30,501,1410.00
499,2024-09-30,502,-1410.00
500,2024-10-15,101,1940.00
500,2024-10-15,102,-1940.00
501,2024-11-20,201,2940.00
501,2024-11-20,202,-2940.00
502,2024-12-25,301,1380.00
502,2024-12-25,302,-1380.00
503,2024-01-05,401,1890.00
503,2024-01-05,402,-1890.00
504,2024-02-10,501,1425.00
504,2024-02-10,502,-1425.00
505,2024-03-18,101,1960.00
505,2024-03-18,102,-1960.00
506,2024-04-22,201,2970.00
506,2024-04-22,202,-2970.00
507,2024-05-25,301,1395.00
507,2024-05-25,302,-1395.00
508,2024-06-30,401,1910.00
508,2024-06-30,402,-1910.00
509,2024-07-15,501,1440.00
509,2024-07-15,502,-1440.00
510,2024-08-20,101,1980.00
510,2024-08-20,102,-1980.00
511,2024-09-25,201,3000.00
511,2024-09-25,202,-3000.00
512,2024-10-01,301,1410.00
512,2024-10-01,302,-1410.00
513,2024-11-05,401,1930.00
513,2024-11-05,402,-1930.00
514,2024-12-10,501,1455.00
514,2024-12-10,502,-1455.00
515,2024-01-28,101,2000.00
515,2024-01-28,102,-2000.00
516,2024-02-25,201,3030.00
516,2024-02-25,202,-3030.00
517,2024-03-12,301,1425.00
517,2024-03-12,302,-1425.00
518,2024-04-10,401,1950.00
518,2024-04-10,402,-1950.00
519,2024-05-18,501,1470.00
519,2024-05-18,502,-1470.00
520,2024-06-22,101,2020.00
520,2024-06-22,102,-2020.00
521,2024-07-05,201,3060.00
521,2024-07-05,202,-3060.00
522,2024-08-10,301,1440.00
522,2024-08-10,302,-1440.00
523,2024-09-15,401,1970.00
523,2024-09-15,402,-1970.00
524,2024-10-20,501,1485.00
524,2024-10-20,502,-1485.00
525,2024-11-28,101,2040.00
525,2024-11-28,102,-2040.00
526,2024-12-05,201,3090.00
526,2024-12-05,202,-3090.00
527,2024-01-08,301,1455.00
527,2024-01-08,302,-1455.00
528,2024-02-14,401,1990.00
528,2024-02-14,402,-1990.00
529,2024-03-20,501,1500.00
529,2024-03-20,502,-1500.00
530,2024-04-25,101,2060.00
530,2024-04-25,102,-2060.00
531,2024-05-10,201,3120.00
531,2024-05-10,202,-3120.00
532,2024-06-15,301,1470.00
532,2024-06-15,302,-1470.00
533,2024-07-20,401,2010.00
533,2024-07-20,402,-2010.00
534,2024-08-25,501,1515.00
534,2024-08-25,502,-1515.00
535,2024-09-30,101,2080.00
535,2024-09-30,102,-2080.00
536,2024-10-15,201,3150.00
536,2024-10-15,202,-3150.00
537,2024-11-20,301,1485.00
537,2024-11-20,302,-1485.00
538,2024-12-25,401,2030.00
538,2024-12-25,402,-2030.00
539,2024-01-05,501,1530.00
539,2024-01-05,502,-1530.00
540,2024-02-10,101,2100.00
540,2024-02-10,102,-2100.00
541,2024-03-18,201,3180.00
541,2024-03-18,202,-3180.00
542,2024-04-22,301,1500.00
542,2024-04-22,302,-1500.00
543,2024-05-25,401,2050.00
543,2024-05-25,402,-2050.00
544,2024-06-30,501,1545.00
544,2024-06-30,502,-1545.00
545,2024-07-15,101,2120.00
545,2024-07-15,102,-2120.00
546,2024-08-20,201,3210.00
546,2024-08-20,202,-3210.00
547,2024-09-25,301,1515.00
547,2024-09-25,302,-1515.00
548,2024-10-01,401,2070.00
548,2024-10-01,402,-2070.00
549,2024-11-05,501,1560.00
549,2024-11-05,502,-1560.00
550,2024-12-10,101,2140.00
550,2024-12-10,102,-2140.00
551,2024-01-28,201,3240.00
551,2024-01-28,202,-3240.00
552,2024-02-25,301,1530.00
552,2024-02-25,302,-1530.00
553,2024-03-12,401,2090.00
553,2024-03-12,402,-2090.00
554,2024-04-10,501,1575.00
554,2024-04-10,502,-1575.00
555,2024-05-18,101,2160.00
555,2024-05-18,102,-2160.00
556,2024-06-22,201,3270.00
556,2024-06-22,202,-3270.00
557,2024-07-05,301,1545.00
557,2024-07-05,302,-1545.00
558,2024-08-10,401,2110.00
558,2024-08-10,402,-2110.00
559,2024-09-15,501,1590.00
559,2024-09-15,502,-1590.00
560,2024-10-20,101,2180.00
560,2024-10-20,102,-2180.00
561,2024-11-28,201,3300.00
561,2024-11-28,202,-3300.00
562,2024-12-05,301,1560.00
562,2024-12-05,302,-1560.00
563,2024-01-08,401,2130.00
563,2024-01-08,402,-2130.00
564,2024-02-14,501,1605.00
564,2024-02-14,502,-1605.00
565,2024-03-20,101,2200.00
565,2024-03-20,102,-2200.00
566,2024-04-25,201,3330.00
566,2024-04-25,202,-3330.00
567,2024-05-10,301,1575.00
567,2024-05-10,302,-1575.00
568,2024-06-15,401,2150.00
568,2024-06-15,402,-2150.00
569,2024-07-20,501,1620.00
569,2024-07-20,502,-1620.00
570,2024-08-25,101,2220.00
570,2024-08-25,102,-2220.00
571,2024-09-30,201,3360.00
571,2024-09-30,202,-3360.00
572,2024-10-15,301,1590.00
572,2024-10-15,302,-1590.00
573,2024-11-20,401,2170.00
573,2024-11-20,402,-2170.00
574,2024-12-25,501,1635.00
574,2024-12-25,502,-1635.00
575,2024-01-05,101,2240.00
575,2024-01-05,102,-2240.00
576,2024-02-10,201,3390.00
576,2024-02-10,202,-3390.00
577,2024-03-18,301,1605.00
577,2024-03-18,302,-1605.00
578,2024-04-22,401,2190.00
578,2024-04-22,402,-2190.00
579,2024-05-25,501,1650.00
579,2024-05-25,502,-1650.00
580,2024-06-30,101,2260.00
580,2024-06-30,102,-2260.00
581,2024-07-15,201,3420.00
581,2024-07-15,202,-3420.00
582,2024-08-20,301,1620.00
582,2024-08-20,302,-1620.00
583,2024-09-25,401,2210.00
583,2024-09-25,402,-2210.00
584,2024-10-01,501,1665.00
584,2024-10-01,502,-1665.00
585,2024-11-05,101,2280.00
585,2024-11-05,102,-2280.00
586,2024-12-10,201,3450.00
586,2024-12-10,202,-3450.00
587,2024-01-28,301,1635.00
587,2024-01-28,302,-1635.00
588,2024-02-25,401,2230.00
588,2024-02-25,402,-2230.00
589,2024-03-12,501,1680.00
589,2024-03-12,502,-1680.00
590,2024-04-10,101,2300.00
590,2024-04-10,102,-2300.00
591,2024-05-18,201,3480.00
591,2024-05-18,202,-3480.00
592,2024-06-22,301,1650.00
592,2024-06-22,302,-1650.00
593,2024-07-05,401,2250.00
593,2024-07-05,402,-2250.00
594,2024-08-10,501,1695.00
594,2024-08-10,502,-1695.00
595,2024-09-15,101,2320.00
595,2024-09-15,102,-2320.00
596,2024-10-20,201,3510.00
596,2024-10-20,202,-3510.00
597,2024-11-28,301,1665.00
597,2024-11-28,302,-1665.00
598,2024-12-05,401,2270.00
598,2024-12-05,402,-2270.00
599,2024-01-08,501,1710.00
599,2024-01-08,502,-1710.00
600,2024-02-14,101,2340.00
600,2024-02-14,102,-2340.00
601,2024-03-20,201,3540.00
601,2024-03-20,202,-3540.00
602,2024-04-25,301,1680.00
602,2024-04-25,302,-1680.00
603,2024-05-10,401,2290.00
603,2024-05-10,402,-2290.00
604,2024-06-15,501,1725.00
604,2024-06-15,502,-1725.00
605,2024-07-20,101,2360.00
605,2024-07-20,102,-2360.00
606,2024-08-25,201,3570.00
606,2024-08-25,202,-3570.00
607,2024-09-30,301,1695.00
607,2024-09-30,302,-1695.00
608,2024-10-15,401,2310.00
608,2024-10-15,402,-2310.00
609,2024-11-20,501,1740.00
609,2024-11-20,502,-1740.00
610,2024-12-25,101,2380.00
610,2024-12-25,102,-2380.00
611,2024-01-05,201,3600.00
611,2024-01-05,202,-3600.00
612,2024-02-10,301,1710.00
612,2024-02-10,302,-1710.00
613,2024-03-18,401,2330.00
613,2024-03-18,402,-2330.00
614,2024-04-22,501,1755.00
614,2024-04-22,502,-1755.00
615,2024-05-25,101,2400.00
615,2024-05-25,102,-2400.00
616,2024-06-30,201,3630.00
616,2024-06-30,202,-3630.00
617,2024-07-15,301,1725.00
617,2024-07-15,302,-1725.00
618,2024-08-20,401,2350.00
618,2024-08-20,402,-2350.00
619,2024-09-25,501,1770.00
619,2024-09-25,502,-1770.00
620,2024-10-01,101,2420.00
620,2024-10-01,102,-2420.00
621,2024-11-05,201,3660.00
621,2024-11-05,202,-3660.00
622,2024-12-10,301,1740.00
622,2024-12-10,302,-1740.00
623,2024-01-28,401,2370.00
623,2024-01-28,402,-2370.00
624,2024-02-25,501,1785.00
624,2024-02-25,502,-1785.00
625,2024-03-12,101,2440.00
625,2024-03-12,102,-2440.00
626,2024-04-10,201,3690.00
626,2024-04-10,202,-3690.00
627,2024-05-18,301,1755.00
627,2024-05-18,302,-1755.00
628,2024-06-22,401,2390.00
628,2024-06-22,402,-2390.00
629,2024-07-05,501,1800.00
629,2024-07-05,502,-1800.00
630,2024-08-10,101,2460.00
630,2024-08-10,102,-2460.00
631,2024-09-15,201,3720.00
631,2024-09-15,202,-3720.00
632,2024-10-20,301,1770.00
632,2024-10-20,302,-1770.00
633,2024-11-28,401,2410.00
633,2024-11-28,402,-2410.00
634,2024-12-05,501,1815.00
634,2024-12-05,502,-1815.00
635,2024-01-08,101,2480.00
635,2024-01-08,102,-2480.00
636,2024-02-14,201,3750.00
636,2024-02-14,202,-3750.00
637,2024-03-20,301,1785.00
637,2024-03-20,302,-1785.00
638,2024-04-25,401,2430.00
638,2024-04-25,402,-2430.00
639,2024-05-10,501,1830.00
639,2024-05-10,502,-1830.00
640,2024-06-15,101,2500.00
640,2024-06-15,102,-2500.00
641,2024-07-20,201,3780.00
641,2024-07-20,202,-3780.00
642,2024-08-25,301,1800.00
642,2024-08-25,302,-1800.00
643,2024-09-30,401,2450.00
643,2024-09-30,402,-2450.00
644,2024-10-15,501,1845.00
644,2024-10-15,502,-1845.00
645,2024-11-20,101,2520.00
645,2024-11-20,102,-2520.00
646,2024-12-25,201,3810.00
646,2024-12-25,202,-3810.00
647,2024-01-05,301,1815.00
647,2024-01-05,302,-1815.00
648,2024-02-10,401,2470.00
648,2024-02-10,402,-2470.00
649,2024-03-18,501,1860.00
649,2024-03-18,502,-1860.00
650,2024-04-22,101,2540.00
650,2024-04-22,102,-2540.00
651,2024-05-25,201,3840.00
651,2024-05-25,202,-3840.00
652,2024-06-30,301,1830.00
652,2024-06-30,302,-1830.00
653,2024-07-15,401,2490.00
653,2024-07-15,402,-2490.00
654,2024-08-20,501,1875.00
654,2024-08-20,502,-1875.00
655,2024-09-25,101,2560.00
655,2024-09-25,102,-2560.00
656,2024-10-01,201,3870.00
656,2024-10-01,202,-3870.00
657,2024-11-05,301,1845.00
657,2024-11-05,302,-1845.00
658,2024-12-10,401,2510.00
658,2024-12-10,402,-2510.00
659,2024-01-28,501,1890.00
659,2024-01-28,502,-1890.00
660,2024-02-25,101,2580.00
660,2024-02-25,102,-2580.00
661,2024-03-12,201,3900.00
661,2024-03-12,202,-3900.00
662,2024-04-10,301,1860.00
662,2024-04-10,302,-1860.00
663,2024-05-18,401,2530.00
663,2024-05-18,402,-2530.00
664,2024-06-22,501,1905.00
664,2024-06-22,502,-1905.00
665,2024-07-05,101,2600.00
665,2024-07-05,102,-2600.00
666,2024-08-10,201,3930.00
666,2024-08-10,202,-3930.00
667,2024-09-15,301,1875.00
667,2024-09-15,302,-1875.00
668,2024-10-20,401,2550.00
668,2024-10-20,402,-2550.00
669,2024-11-28,501,1920.00
669,2024-11-28,502,-1920.00
670,2024-12-05,101,2620.00
670,2024-12-05,102,-2620.00
671,2024-01-08,201,3960.00
671,2024-01-08,202,-3960.00
672,2024-02-14,301,1890.00
672,2024-02-14,302,-1890.00
673,2024-03-20,401,2570.00
673,2024-03-20,402,-2570.00
674,2024-04-25,501,1935.00
674,2024-04-25,502,-1935.00
675,2024-05-10,101,2640.00
675,2024-05-10,102,-2640.00
676,2024-06-15,201,3990.00
676,2024-06-15,202,-3990.00
677,2024-07-20,301,1905.00
677,2024-07-20,302,-1905.00
678,2024-08-25,401,2590.00
678,2024-08-25,402,-2590.00
679,2024-09-30,501,1950.00
679,2024-09-30,502,-1950.00
680,2024-10-15,101,2660.00
680,2024-10-15,102,-2660.00
681,2024-11-20,201,4020.00
681,2024-11-20,202,-4020.00
682,2024-12-25,301,1920.00
682,2024-12-25,302,-1920.00
683,2024-01-05,401,2610.00
683,2024-01-05,402,-2610.00
684,2024-02-10,501,1965.00
684,2024-02-10,502,-1965.00
685,2024-03-18,101,2680.00
685,2024-03-18,102,-2680.00
686,2024-04-22,201,4050.00
686,2024-04-22,202,-4050.00
687,2024-05-25,301,1935.00
687,2024-05-25,302,-1935.00
688,2024-06-30,401,2630.00
688,2024-06-30,402,-2630.00
689,2024-07-15,501,1980.00
689,2024-07-15,502,-1980.00
690,2024-08-20,101,2700.00
690,2024-08-20,102,-2700.00
691,2024-09-25,201,4080.00
691,2024-09-25,202,-4080.00
692,2024-10-01,301,1950.00
692,2024-10-01,302,-1950.00
693,2024-11-05,401,2650.00
693,2024-11-05,402,-2650.00
694,2024-12-10,501,1995.00
694,2024-12-10,502,-1995.00
695,2024-01-28,101,2720.00
695,2024-01-28,102,-2720.00
696,2024-02-25,201,4110.00
696,2024-02-25,202,-4110.00
697,2024-03-12,301,1965.00
697,2024-03-12,302,-1965.00
698,2024-04-10,401,2670.00
698,2024-04-10,402,-2670.00
699,2024-05-18,501,2010.00
699,2024-05-18,502,-2010.00
700,2024-06-22,101,2740.00
700,2024-06-22,102,-2740.00
701,2024-07-05,201,4140.00
701,2024-07-05,202,-4140.00
702,2024-08-10,301,1980.00
702,2024-08-10,302,-1980.00
703,2024-09-15,401,2690.00
703,2024-09-15,402,-2690.00
704,2024-10-20,501,2025.00
704,2024-10-20,502,-2025.00
705,2024-11-28,101,2760.00
705,2024-11-28,102,-2760.00
706,2024-12-05,201,4170.00
706,2024-12-05,202,-4170.00
707,2024-01-08,301,1995.00
707,2024-01-08,302,-1995.00
708,2024-02-14,401,2710.00
708,2024-02-14,402,-2710.00
709,2024-03-20,501,2040.00
709,2024-03-20,502,-2040.00
710,2024-04-25,101,2780.00
710,2024-04-25,102,-2780.00
711,2024-05-10,201,4200.00
711,2024-05-10,202,-4200.00
712,2024-06-15,301,2010.00
712,2024-06-15,302,-2010.00
713,2024-07-20,401,2730.00
713,2024-07-20,402,-2730.00
714,2024-08-25,501,2055.00
714,2024-08-25,502,-2055.00
715,2024-09-30,101,2800.00
715,2024-09-30,102,-2800.00
716,2024-10-15,201,4230.00
716,2024-10-15,202,-4230.00
717,2024-11-20,301,2025.00
717,2024-11-20,302,-2025.00
718,2024-12-25,401,2750.00
718,2024-12-25,402,-2750.00
719,2024-01-05,501,2070.00
719,2024-01-05,502,-2070.00
720,2024-02-10,101,2820.00
720,2024-02-10,102,-2820.00
721,2024-03-18,201,4260.00
721,2024-03-18,202,-4260.00
722,2024-04-22,301,2040.00
722,2024-04-22,302,-2040.00
723,2024-05-25,401,2770.00
723,2024-05-25,402,-2770.00
724,2024-06-30,501,2085.00
724,2024-06-30,502,-2085.00
725,2024-07-15,101,2840.00
725,2024-07-15,102,-2840.00
726,2024-08-20,201,4290.00
726,2024-08-20,202,-4290.00
727,2024-09-25,301,2055.00
727,2024-09-25,302,-2055.00
728,2024-10-01,401,2790.00
728,2024-10-01,402,-2790.00
729,2024-11-05,501,2100.00
729,2024-11-05,502,-2100.00
730,2024-12-10,101,2860.00
730,2024-12-10,102,-2860.00
731,2024-01-28,201,4320.00
731,2024-01-28,202,-4320.00
732,2024-02-25,301,2070.00
732,2024-02-25,302,-2070.00
733,2024-03-12,401,2810.00
733,2024-03-12,402,-2810.00
734,2024-04-10,501,2115.00
734,2024-04-10,502,-2115.00
735,2024-05-18,101,2880.00
735,2024-05-18,102,-2880.00
736,2024-06-22,201,4350.00
736,2024-06-22,202,-4350.00
737,2024-07-05,301,2085.00
737,2024-07-05,302,-2085.00
738,2024-08-10,401,2830.00
738,2024-08-10,402,-2830.00
739,2024-09-15,501,2130.00
739,2024-09-15,502,-2130.00
740,2024-10-20,101,2900.00
740,2024-10-20,102,-2900.00
741,2024-11-28,201,4380.00
741,2024-11-28,202,-4380.00
742,2024-12-05,301,2100.00
742,2024-12-05,302,-2100.00
743,2024-01-08,401,2850.00
743,2024-01-08,402,-2850.00
744,2024-02-14,501,2145.00
744,2024-02-14,502,-2145.00
745,2024-03-20,101,2920.00
745,2024-03-20,102,-2920.00
746,2024-04-25,201,4410.00
746,2024-04-25,202,-4410.00
747,2024-05-10,301,2115.00
747,2024-05-10,302,-2115.00
748,2024-06-15,401,2870.00
748,2024-06-15,402,-2870.00
749,2024-07-20,501,2160.00
749,2024-07-20,502,-2160.00
750,2024-08-25,101,2940.00
750,2024-08-25,102,-2940.00
751,2024-09-30,201,4440.00
751,2024-09-30,202,-4440.00
752,2024-10-15,301,2130.00
752,2024-10-15,302,-2130.00
753,2024-11-20,401,2890.00
753,2024-11-20,402,-2890.00
754,2024-12-25,501,2175.00
754,2024-12-25,502,-2175.00
755,2024-01-05,101,2960.00
755,2024-01-05,102,-2960.00
756,2024-02-10,201,4470.00
756,2024-02-10,202,-4470.00
757,2024-03-18,301,2145.00
757,2024-03-18,302,-2145.00
758,2024-04-22,401,2910.00
758,2024-04-22,402,-2910.00
759,2024-05-25,501,2190.00
759,2024-05-25,502,-2190.00
760,2024-06-30,101,2980.00
760,2024-06-30,102,-2980.00
761,2024-07-15,201,4500.00
761,2024-07-15,202,-4500.00
762,2024-08-20,301,2160.00
762,2024-08-20,302,-2160.00
763,2024-09-25,401,2930.00
763,2024-09-25,402,-2930.00
764,2024-10-01,501,2205.00
764,2024-10-01,502,-2205.00
765,2024-11-05,101,3000.00
765,2024-11-05,102,-3000.00
766,2024-12-10,201,4530.00
766,2024-12-10,202,-4530.00
767,2024-01-28,301,2175.00
767,2024-01-28,302,-2175.00
768,2024-02-25,401,2950.00
768,2024-02-25,402,-2950.00
769,2024-03-12,501,2220.00
769,2024-03-12,502,-2220.00
770,2024-04-10,101,3020.00
770,2024-04-10,102,-3020.00
771,2024-05-18,201,4560.00
771,2024-05-18,202,-4560.00
772,2024-06-22,301,2190.00
772,2024-06-22,302,-2190.00
773,2024-07-05,401,2970.00
773,2024-07-05,402,-2970.00
774,2024-08-10,501,2235.00
774,2024-08-10,502,-2235.00
775,2024-09-15,101,3040.00
775,2024-09-15,102,-3040.00
776,2024-10-20,201,4590.00
776,2024-10-20,202,-4590.00
777,2024-11-28,301,2205.00
777,2024-11-28,302,-2205.00
778,2024-12-05,401,2990.00
778,2024-12-05,402,-2990.00
779,2024-01-08,501,2250.00
779,2024-01-08,502,-2250.00
780,2024-02-14,101,3060.00
780,2024-02-14,102,-3060.00
781,2024-03-20,201,4620.00
781,2024-03-20,202,-4620.00
782,2024-04-25,301,2220.00
782,2024-04-25,302,-2220.00
783,2024-05-10,401,3010.00
783,2024-05-10,402,-3010.00
784,2024-06-15,501,2265.00
784,2024-06-15,502,-2265.00
785,2024-07-20,101,3080.00
785,2024-07-20,102,-3080.00
786,2024-08-25,201,4650.00
786,2024-08-25,202,-4650.00
787,2024-09-30,301,2235.00
787,2024-09-30,302,-2235.00
788,2024-10-15,401,3030.00
788,2024-10-15,402,-3030.00
789,2024-11-20,501,2280.00
789,2024-11-20,502,-2280.00
790,2024-12-25,101,3100.00
790,2024-12-25,102,-3100.00
791,2024-01-05,201,4680.00
791,2024-01-05,202,-4680.00
792,2024-02-10,301,2250.00
792,2024-02-10,302,-2250.00
793,2024-03-18,401,3050.00
793,2024-03-18,402,-3050.00
794,2024-04-22,501,2295.00
794,2024-04-22,502,-2295.00
795,2024-05-25,101,3120.00
795,2024-05-25,102,-3120.00
796,2024-06-30,201,4710.00
796,2024-06-30,202,-4710.00
797,2024-07-15,301,2265.00
797,2024-07-15,302,-2265.00
798,2024-08-20,401,3070.00
798,2024-08-20,402,-3070.00
799,2024-09-25,501,2310.00
799,2024-09-25,502,-2310.00
800,2024-10-01,101,3140.00
800,2024-10-01,102,-3140.00
801,2024-11-05,201,4740.00
801,2024-11-05,202,-4740.00
802,2024-12-10,301,2280.00
802,2024-12-10,302,-2280.00
803,2024-01-28,401,3090.00
803,2024-01-28,402,-3090.00
804,2024-02-25,501,2325.00
804,2024-02-25,502,-2325.00
805,2024-03-12,101,3160.00
805,2024-03-12,102,-3160.00
806,2024-04-10,201,4770.00
806,2024-04-10,202,-4770.00
807,2024-05-18,301,2295.00
807,2024-05-18,302,-2295.00
808,2024-06-22,401,3110.00
808,2024-06-22,402,-3110.00
809,2024-07-05,501,2340.00
809,2024-07-05,502,-2340.00
810,2024-08-10,101,3180.00
810,2024-08-10,102,-3180.00
811,2024-09-15,201,4800.00
811,2024-09-15,202,-4800.00
812,2024-10-20,301,2310.00
812,2024-10-20,302,-2310.00
813,2024-11-28,401,3130.00
813,2024-11-28,402,-3130.00
814,2024-12-05,501,2355.00
814,2024-12-05,502,-2355.00
815,2024-01-08,101,3200.00
815,2024-01-08,102,-3200.00
816,2024-02-14,201,4830.00
816,2024-02-14,202,-4830.00
817,2024-03-20,301,2325.00
817,2024-03-20,302,-2325.00
818,2024-04-25,401,3150.00
818,2024-04-25,402,-3150.00
819,2024-05-10,501,2370.00
819,2024-05-10,502,-2370.00
820,2024-06-15,101,3220.00
820,2024-06-15,102,-3220.00
821,2024-07-20,201,4860.00
821,2024-07-20,202,-4860.00
822,2024-08-25,301,2340.00
822,2024-08-25,302,-2340.00
823,2024-09-30,401,3170.00
823,2024-09-30,402,-3170.00
824,2024-10-15,501,2385.00
824,2024-10-15,502,-2385.00
825,2024-11-20,101,3240.00
825,2024-11-20,102,-3240.00
826,2024-12-25,201,4890.00
826,2024-12-25,202,-4890.00
827,2024-01-05,301,2355.00
827,2024-01-05,302,-2355.00
828,2024-02-10,401,3190.00
828,2024-02-10,402,-3190.00
829,2024-03-18,501,2400.00
829,2024-03-18,502,-2400.00
830,2024-04-22,101,3260.00
830,2024-04-22,102,-3260.00
831,2024-05-25,201,4920.00
831,2024-05-25,202,-4920.00
832,2024-06-30,301,2370.00
832,2024-06-30,302,-2370.00
833,2024-07-15,401,3210.00
833,2024-07-15,402,-3210.00
834,2024-08-20,501,2415.00
834,2024-08-20,502,-2415.00
835,2024-09-25,101,3280.00
835,2024-09-25,102,-3280.00
836,2024-10-01,201,4950.00
836,2024-10-01,202,-4950.00
837,2024-11-05,301,2385.00
837,2024-11-05,302,-2385.00
838,2024-12-10,401,3230.00
838,2024-12-10,402,-3230.00
839,2024-01-28,501,2430.00
839,2024-01-28,502,-2430.00
840,2024-02-25,101,3300.00
840,2024-02-25,102,-3300.00
841,2024-03-12,201,4980.00
841,2024-03-12,202,-4980.00
842,2024-04-10,301,2400.00
842,2024-04-10,302,-2400.00
843,2024-05-18,401,3250.00
843,2024-05-18,402,-3250.00
844,2024-06-22,501,2445.00
844,2024-06-22,502,-2445.00
845,2024-07-05,101,3320.00
845,2024-07-05,102,-3320.00
846,2024-08-10,201,5010.00
846,2024-08-10,202,-5010.00
847,2024-09-15,301,2415.00
847,2024-09-15,302,-2415.00
848,2024-10-20,401,3270.00
848,2024-10-20,402,-3270.00
849,2024-11-28,501,2460.00
849,2024-11-28,502,-2460.00
850,2024-12-05,101,3340.00
850,2024-12-05,102,-3340.00
851,2024-01-08,201,5040.00
851,2024-01-08,202,-5040.00
852,2024-02-14,301,2430.00
852,2024-02-14,302,-2430.00
853,2024-03-20,401,3290.00
853,2024-03-20,402,-3290.00
854,2024-04-25,501,2475.00
854,2024-04-25,502,-2475.00
855,2024-05-10,101,3360.00
855,2024-05-10,102,-3360.00
856,2024-06-15,201,5070.00
856,2024-06-15,202,-5070.00
857,2024-07-20,301,2445.00
857,2024-07-20,302,-2445.00
858,2024-08-25,401,3310.00
858,2024-08-25,402,-3310.00
859,2024-09-30,501,2490.00
859,2024-09-30,502,-2490.00
860,2024-10-15,101,3380.00
860,2024-10-15,102,-3380.00
861,2024-11-20,201,5100.00
861,2024-11-20,202,-5100.00
862,2024-12-25,301,2460.00
862,2024-12-25,302,-2460.00
863,2024-01-05,401,3330.00
863,2024-01-05,402,-3330.00
864,2024-02-10,501,2505.00
864,2024-02-10,502,-2505.00
865,2024-03-18,101,3400.00
865,2024-03-18,102,-3400.00
866,2024-04-22,201,5130.00
866,2024-04-22,202,-5130.00
867,2024-05-25,301,2475.00
867,2024-05-25,302,-2475.00
868,2024-06-30,401,3350.00
868,2024-06-30,402,-3350.00
869,2024-07-15,501,2520.00
869,2024-07-15,502,-2520.00
870,2024-08-20,101,3420.00
870,2024-08-20,102,-3420.00
871,2024-09-25,201,5160.00
871,2024-09-25,202,-5160.00
872,2024-10-01,301,2490.00
872,2024-10-01,302,-2490.00
873,2024-11-05,401,3370.00
873,2024-11-05,402,-3370.00
874,2024-12-10,501,2535.00
874,2024-12-10,502,-2535.00
875,2024-01-28,101,3440.00
875,2024-01-28,102,-3440.00
876,2024-02-25,201,5190.00
876,2024-02-25,202,-5190.00
877,2024-03-12,301,2505.00
877,2024-03-12,302,-2505.00
878,2024-04-10,401,3390.00
878,2024-04-10,402,-3390.00
879,2024-05-18,501,2550.00
879,2024-05-18,502,-2550.00
880,2024-06-22,101,3460.00
880,2024-06-22,102,-3460.00
881,2024-07-05,201,5220.00
881,2024-07-05,202,-5220.00
882,2024-08-10,301,2520.00
882,2024-08-10,302,-2520.00
883,2024-09-15,401,3410.00
883,2024-09-15,402,-3410.00
884,2024-10-20,501,2565.00
884,2024-10-20,502,-2565.00
885,2024-11-28,101,3480.00
885,2024-11-28,102,-3480.00
886,2024-12-05,201,5250.00
886,2024-12-05,202,-5250.00
887,2024-01-08,301,2535.00
887,2024-01-08,302,-2535.00
888,2024-02-14,401,3430.00
888,2024-02-14,402,-3430.00
889,2024-03-20,501,2580.00
889,2024-03-20,502,-2580.00
890,2024-04-25,101,3500.00
890,2024-04-25,102,-3500.00
891,2024-05-10,201,5280.00
891,2024-05-10,202,-5280.00
892,2024-06-15,301,2550.00
892,2024-06-15,302,-2550.00
893,2024-07-20,401,3450.00
893,2024-07-20,402,-3450.00
894,2024-08-25,501,2595.00
894,2024-08-25,502,-2595.00
895,2024-09-30,101,3520.00
895,2024-09-30,102,-3520.00
896,2024-10-15,201,5310.00
896,2024-10-15,202,-5310.00
897,2024-11-20,301,2565.00
897,2024-11-20,302,-2565.00
898,2024-12-25,401,3470.00
898,2024-12-25,402,-3470.00
899,2024-01-05,501,2610.00
899,2024-01-05,502,-2610.00
900,2024-02-10,101,3540.00
900,2024-02-10,102,-3540.00
901,2024-03-18,201,5340.00
901,2024-03-18,202,-5340.00
902,2024-04-22,301,2580.00
902,2024-04-22,302,-2580.00
903,2024-05-25,401,3490.00
903,2024-05-25,402,-3490.00
904,2024-06-30,501,2625.00
904,2024-06-30,502,-2625.00
905,2024-07-15,101,3560.00
905,2024-07-15,102,-3560.00
906,2024-08-20,201,5370.00
906,2024-08-20,202,-5370.00
907,2024-09-25,301,2595.00
907,2024-09-25,302,-2595.00
908,2024-10-01,401,3510.00
908,2024-10-01,402,-3510.00
909,2024-11-05,501,2640.00
909,2024-11-05,502,-2640.00
910,2024-12-10,101,3580.00
910,2024-12-10,102,-3580.00
911,2024-01-28,201,5400.00
911,2024-01-28,202,-5400.00
912,2024-02-25,301,2610.00
912,2024-02-25,302,-2610.00
913,2024-03-12,401,3530.00
913,2024-03-12,402,-3530.00
914,2024-04-10,501,2655.00
914,2024-04-10,502,-2655.00
915,2024-05-18,101,3600.00
915,2024-05-18,102,-3600.00
916,2024-06-22,201,5430.00
916,2024-06-22,202,-5430.00
917,2024-07-05,301,2625.00
917,2024-07-05,302,-2625.00
918,2024-08-10,401,3550.00
918,2024-08-10,402,-3550.00
919,2024-09-15,501,2670.00
919,2024-09-15,502,-2670.00
920,2024-10-20,101,3620.00
920,2024-10-20,102,-3620.00
921,2024-11-28,201,5460.00
921,2024-11-28,202,-5460.00